"group","estimate","se","lower95","upper95"
"0",13.4902072057153,0.0271756367171142,13.4369429577498,13.5434714536809
"1",13.8244256626244,0.0177151685453601,13.7897039322755,13.8591473929733
