"group","estimate","se","lower95","upper95"
"0",487107.0564808,70743.6796938275,348449.444280898,625764.668680702
"1",1150427.59810727,52092.5506856227,1048326.19876345,1252528.99745109
