"group","estimate","se","pop"
"1",1330436.48497061,61388.4951236268,94709756.5077318
"2",358141.500106297,35124.9009008417,36596632.8757317
